classical_states,phases_per_macrostate,hidden_cycle_affinity,reverse_fraction,reset_mixing,asymptotic_kl_rate,work_total_ep_rate,thermal_total_ep_rate,total_ep_rate,work_medium_entropy_rate,thermal_medium_entropy_rate,medium_total_rate,stationary_balance_error,minimum_stationary_probability,forward_rates,iterations,objective_evaluations
5,2,0.0,1.0,1.0,0.05776610616671846,0.004297767406784716,0.02645274972767996,0.030750517134464674,0.0,0.030750517134464743,0.030750517134464743,-6.938893903907228e-17,0.06857976448840995,3.22528690352 2.70491091355 2.59047417276 2.70490939131,173,373
7,3,0.0,1.0,1.0,0.05776676283021928,0.004297419290833546,0.026453432084829268,0.030750851375662813,0.0,0.030750851375662594,0.030750851375662594,2.185751579730777e-16,0.04567458989785591,100 100 4.09443040318 100 100 4.09453828907,220,374
9,4,0.0,1.0,1.0,0.05776911369764232,0.0042962169058691595,0.02645578346836827,0.03075200037423743,0.0,0.030752000374237618,0.030752000374237618,-1.8735013540549517e-16,0.0342393840448628,100 42.7382061891 100 5.56127669819 100 49.5248907331 100 5.56164415669,220,372
11,5,0.0,1.0,1.0,0.05777623877957748,0.004297686473634727,0.026450583984634124,0.03074827045826885,0.0,0.030748270458269056,0.030748270458269056,-2.0469737016526324e-16,0.027347505773329072,100 77.6817921163 100 100 8.02675785673 100 100 64.3927642746 100 6.30831062275,220,335
13,6,0.0,1.0,1.0,0.057785728405562384,0.004288141066983815,0.026471608290901553,0.03075974935788537,0.0,0.030759749357885422,0.030759749357885422,-5.204170427930421e-17,0.022771668618814668,100 100 42.9538636986 100 100 8.94361485242 100 100 72.877827937 100 100 8.92077135812,220,334
15,7,0.0,1.0,1.0,0.05780533150946792,0.004275416754422721,0.026498292410091103,0.030773709164513822,0.0,0.030773709164513396,0.030773709164513396,4.2674197509029455e-16,0.019482628089788106,100 100 94.6666799979 100 100 100 11.2759689939 100 100 100 90.247187387 100 100 10.7258786725,220,337
17,8,0.0,1.0,1.0,0.057836201818728485,0.00426775047594051,0.02651053088237434,0.03077828135831485,0.0,0.030778281358315247,0.030778281358315247,-3.95516952522712e-16,0.01702378146616295,100 100 100 92.1258937086 100 100 100 13.4218998019 100 100 100 85.3387255266 100 100 100 13.3976540981,220,356
19,9,0.0,1.0,1.0,0.05788373322898,0.004248198479643849,0.026548578050069407,0.030796776529713257,0.0,0.030796776529713615,0.030796776529713615,-3.5735303605122226e-16,0.015098312339155342,100 100 100 100 98.2007153774 100 100 100 16.6902209786 100 100 100 100 96.8942209899 100 100 100 16.1648882696,220,363
21,10,0.0,1.0,1.0,0.057951799021360086,0.004223631586822531,0.026595141842606786,0.030818773429429316,0.0,0.030818773429429437,0.030818773429429437,-1.214306433183765e-16,0.013565448664176652,100 100 100 100 99.7872292693 100 100 100 100 20.4077167791 100 100 100 100 97.6190450759 100 100 100 100 20.1974802459,220,372
5,2,60.0,3.059023205018258e-07,1.0,0.05203964648937703,12.288292008339612,0.03960906544825137,12.327901073787864,12.292898801156001,0.03500227263186286,12.327901073787864,-4.649058915617843e-16,0.05677505669558227,2.25702229449 3.27434182569 2.71226129293 3.35254623659,204,332
7,3,60.0,4.5399929762484854e-05,1.0,0.04623783642851005,10.285613261771418,0.06279652579633623,10.348409787567755,10.313593875428163,0.03481591213959454,10.348409787567757,-2.1996293675385914e-15,0.0309192338151635,2.22852777137 5.02616255431 4.18484441508 2.39451099656 6.08001688625 4.16998563594,220,349
9,4,60.0,0.0005530843701478336,1.0,0.04163992531208562,10.247750083420264,0.06819931657324102,10.315949399993505,10.281188631542854,0.03476076845065251,10.315949399993507,-1.4988010832439613e-15,0.02141742035884933,2.79042749869 6.09411813514 6.49465320007 4.98809106673 2.74313237464 8.19941319366 7.05884430838 4.85552257627,220,361
11,5,60.0,0.0024787521766663585,1.0,0.03797296501098724,10.399495408695275,0.06714350374691234,10.466638912442187,10.431854487846309,0.03478442459587974,10.466638912442189,-1.1379786002407855e-15,0.018153043275179876,3.54007063674 6.7430143794 8.44133981229 7.53294074687 5.78429115505 3.24615185729 9.37093062255 9.9897474273 7.84417555013 5.55048964153,220,347
13,6,60.0,0.006737946999085467,1.0,0.03500001321240108,10.503249906428557,0.06628598391093352,10.569535890339491,10.534689400566801,0.0348464897726875,10.56953589033949,2.3939183968479938e-15,0.01460657660538599,4.31506326993 7.31704808081 9.84637633316 10.1308610941 8.42237960038 6.58720934686 3.78607118427 9.9013444346 12.497992955 11.2663990047 8.55343292553 6.2496574374,220,353
15,7,60.0,0.013763786733050402,1.0,0.03258563694348938,10.586649303833795,0.0667993515610395,10.653448655394834,10.61867973976045,0.03476891563438309,10.653448655394833,9.08995101411847e-16,0.012119128320405218,5.10209102733 7.84165480505 11.1580132395 12.4481402253 11.3352272563 9.4300131746 7.36452080823 4.31566810491 10.1955917586 14.7693046708 14.6820066433 12.0829479038 9.34063761643 6.92301517723,220,362
17,8,60.0,0.023517745856009107,1.0,0.03062551832037612,10.651102777882114,0.06525787866213215,10.716360656544246,10.681538029351536,0.03482262719270966,10.716360656544246,6.800116025829084e-16,0.010770576908721184,6.06236055205 8.41420517214 11.8332556506 13.9705714584 14.1361109267 12.5214319142 10.4028162281 8.18304667316 4.9886705163 10.2228636711 15.8264360573 17.5719946538 15.916195472 13.0426222898 10.0931184897 7.70207061777,220,381
19,9,60.0,0.035673993347252395,1.0,0.02903322139453363,10.676097103034284,0.06518701777935121,10.741284120813635,10.706381926650673,0.03490219416296143,10.741284120813635,4.926614671774132e-16,0.009314152897656868,6.99669874612 9.00125815396 12.4809159573 15.6227223548 16.3344483883 15.6122115372 13.5479251293 11.2496156836 9.08732075247 5.67383543748 10.3247827654 16.4699555794 20.0325134864 19.6461098765 17.1040731803 13.8763990562 10.9240221274 8.47973565842,220,388
21,10,60.0,0.049787068367863944,1.0,0.027733495932985887,10.705562346462473,0.0650850609310212,10.770647407393495,10.735748121423025,0.03489928597047112,10.770647407393497,-1.3600232051658168e-15,0.008563783427122005,8.05721600448 9.6074219488 13.1185001199 16.0603696647 18.7717824548 18.4698812043 17.2243385392 14.8971835658 12.2732572126 9.9382887756 6.44868183283 10.5502046526 16.8076410164 21.4342628657 22.8865811628 21.4283811639 18.4360670702 14.8015882724 11.728374555 9.28339428317,220,392
