random_seed,phase_error_sd_radians,trial,minimum_gap_over_candidates,all_nine_positive
20260907,0.05,1,0.10785461356993878,1
20260907,0.05,2,0.10770014659389446,1
20260907,0.05,3,0.10773536003304993,1
20260907,0.05,4,0.10767851080604891,1
20260907,0.05,5,0.10777591183839608,1
20260907,0.05,6,0.10765135952768928,1
20260907,0.05,7,0.10773526186014964,1
20260907,0.05,8,0.10761868886565343,1
20260907,0.05,9,0.10768863944504137,1
20260907,0.05,10,0.10783710359266749,1
20260907,0.05,11,0.10764806943614133,1
20260907,0.05,12,0.10769426905231651,1
20260907,0.05,13,0.10782830612512394,1
20260907,0.05,14,0.10772259885954896,1
20260907,0.05,15,0.10783189087748526,1
20260907,0.05,16,0.10773760735047477,1
20260907,0.05,17,0.10775293629655855,1
20260907,0.05,18,0.10750929727696831,1
20260907,0.05,19,0.10760281557813067,1
20260907,0.05,20,0.10774677398285483,1
20260907,0.05,21,0.10746178463570552,1
20260907,0.05,22,0.10773103329852085,1
20260907,0.05,23,0.10765866074170724,1
20260907,0.05,24,0.10760867844208907,1
20260907,0.05,25,0.10777916321839387,1
20260907,0.05,26,0.10778848842594041,1
20260907,0.05,27,0.10774287159347135,1
20260907,0.05,28,0.1077184546877015,1
20260907,0.05,29,0.1078127010981909,1
20260907,0.05,30,0.10761766652635843,1
20260907,0.05,31,0.10760161456020129,1
20260907,0.05,32,0.10771331799926917,1
20260907,0.05,33,0.10775876398004969,1
20260907,0.05,34,0.10779265412117604,1
20260907,0.05,35,0.1078543212961775,1
20260907,0.05,36,0.10781373449312481,1
20260907,0.05,37,0.10782674410123655,1
20260907,0.05,38,0.10779257259019182,1
20260907,0.05,39,0.10782034401841187,1
20260907,0.05,40,0.10781995334032721,1
20260907,0.05,41,0.10777528321590785,1
20260907,0.05,42,0.10763682338656837,1
20260907,0.05,43,0.10777041488117281,1
20260907,0.05,44,0.10777316967249566,1
20260907,0.05,45,0.10778980128127008,1
20260907,0.05,46,0.10776511616533851,1
20260907,0.05,47,0.10778199924419313,1
20260907,0.05,48,0.10770863183804205,1
20260907,0.05,49,0.1076358324145606,1
20260907,0.05,50,0.10753120835422457,1
20260907,0.05,51,0.10779603390576997,1
20260907,0.05,52,0.10780528263168701,1
20260907,0.05,53,0.10768517538286643,1
20260907,0.05,54,0.1077791547478491,1
20260907,0.05,55,0.10774269829839775,1
20260907,0.05,56,0.10773895509080764,1
20260907,0.05,57,0.10782039066660457,1
20260907,0.05,58,0.10774590334556067,1
20260907,0.05,59,0.10780468918380616,1
20260907,0.05,60,0.10777279581831911,1
20260907,0.05,61,0.10766360905726355,1
20260907,0.05,62,0.10775512320799341,1
20260907,0.05,63,0.10766922442280763,1
20260907,0.05,64,0.10766728298693268,1
20260907,0.05,65,0.10777505699721163,1
20260907,0.05,66,0.10771778727794797,1
20260907,0.05,67,0.10770032854155531,1
20260907,0.05,68,0.1078168292183961,1
20260907,0.05,69,0.10782409690333888,1
20260907,0.05,70,0.10783610047504649,1
20260907,0.05,71,0.10779114087061833,1
20260907,0.05,72,0.10784440647831534,1
20260907,0.05,73,0.10780119186599152,1
20260907,0.05,74,0.10779452208972778,1
20260907,0.05,75,0.10773942403758235,1
20260907,0.05,76,0.10773445003719523,1
20260907,0.05,77,0.10772721072652616,1
20260907,0.05,78,0.10770212906256232,1
20260907,0.05,79,0.1078074569844604,1
20260907,0.05,80,0.10777338480211887,1
20260907,0.05,81,0.10769284587405936,1
20260907,0.05,82,0.10760910387555728,1
20260907,0.05,83,0.10769599505378966,1
20260907,0.05,84,0.10760020077318344,1
20260907,0.05,85,0.10775834501830725,1
20260907,0.05,86,0.10766318274347031,1
20260907,0.05,87,0.10759268207731795,1
20260907,0.05,88,0.10772077268489762,1
20260907,0.05,89,0.10779945422529764,1
20260907,0.05,90,0.1077144381040395,1
20260907,0.05,91,0.10777491952104733,1
20260907,0.05,92,0.10779651836408535,1
20260907,0.05,93,0.10764586077567792,1
20260907,0.05,94,0.10775920270974597,1
20260907,0.05,95,0.1076590263309552,1
20260907,0.05,96,0.10767578052800483,1
20260907,0.05,97,0.1078243998736099,1
20260907,0.05,98,0.1077658360202107,1
20260907,0.05,99,0.10778129846771506,1
20260907,0.05,100,0.10769057164191019,1
20260907,0.1,1,0.10754991337159445,1
20260907,0.1,2,0.10747027808679278,1
20260907,0.1,3,0.1075437196951611,1
20260907,0.1,4,0.10762732872369948,1
20260907,0.1,5,0.10704687445116215,1
20260907,0.1,6,0.1067764055880556,1
20260907,0.1,7,0.10704197611399097,1
20260907,0.1,8,0.10764169725320817,1
20260907,0.1,9,0.10743085337743588,1
20260907,0.1,10,0.1073950075179258,1
20260907,0.1,11,0.10695295710888485,1
20260907,0.1,12,0.10717254385067836,1
20260907,0.1,13,0.10723246252668803,1
20260907,0.1,14,0.10753295115685851,1
20260907,0.1,15,0.1074228394937412,1
20260907,0.1,16,0.10737330548431362,1
20260907,0.1,17,0.1068521949001223,1
20260907,0.1,18,0.10743191524022577,1
20260907,0.1,19,0.10764791710688369,1
20260907,0.1,20,0.10751802792853626,1
20260907,0.1,21,0.10759050260962462,1
20260907,0.1,22,0.10756755858703307,1
20260907,0.1,23,0.10775213342332504,1
20260907,0.1,24,0.10769250978736097,1
20260907,0.1,25,0.10678128341177773,1
20260907,0.1,26,0.10722120714021441,1
20260907,0.1,27,0.10745780727959572,1
20260907,0.1,28,0.10747155012470538,1
20260907,0.1,29,0.1070320866474313,1
20260907,0.1,30,0.10734171589102065,1
20260907,0.1,31,0.10765042659725042,1
20260907,0.1,32,0.10775780562195775,1
20260907,0.1,33,0.10644122104014161,1
20260907,0.1,34,0.106830222381601,1
20260907,0.1,35,0.10669910656181232,1
20260907,0.1,36,0.10761081640778646,1
20260907,0.1,37,0.10767009735601349,1
20260907,0.1,38,0.10720436540784586,1
20260907,0.1,39,0.10776823040867406,1
20260907,0.1,40,0.10773142436933292,1
20260907,0.1,41,0.10738894929652273,1
20260907,0.1,42,0.10742315428959137,1
20260907,0.1,43,0.10737398787827249,1
20260907,0.1,44,0.10744387722074583,1
20260907,0.1,45,0.10771730794056687,1
20260907,0.1,46,0.10718599836407355,1
20260907,0.1,47,0.10743650313306002,1
20260907,0.1,48,0.10749290882980789,1
20260907,0.1,49,0.10705672737490968,1
20260907,0.1,50,0.10770107746694285,1
20260907,0.1,51,0.10771190083678209,1
20260907,0.1,52,0.10743407156998223,1
20260907,0.1,53,0.10677909551601525,1
20260907,0.1,54,0.10708100339545579,1
20260907,0.1,55,0.10661626979577474,1
20260907,0.1,56,0.10734983657143157,1
20260907,0.1,57,0.10732058252916554,1
20260907,0.1,58,0.10734942713251874,1
20260907,0.1,59,0.10732469823858296,1
20260907,0.1,60,0.10773662352173313,1
20260907,0.1,61,0.10782094577132555,1
20260907,0.1,62,0.10746282178618871,1
20260907,0.1,63,0.10687655950292053,1
20260907,0.1,64,0.10698042452924444,1
20260907,0.1,65,0.10741654369996931,1
20260907,0.1,66,0.10782276644349437,1
20260907,0.1,67,0.10772322534346238,1
20260907,0.1,68,0.1072637084277929,1
20260907,0.1,69,0.10771310919385782,1
20260907,0.1,70,0.10776545362935139,1
20260907,0.1,71,0.10734401557350123,1
20260907,0.1,72,0.10733096917434454,1
20260907,0.1,73,0.10752207597407387,1
20260907,0.1,74,0.10771166068789742,1
20260907,0.1,75,0.10762358592291672,1
20260907,0.1,76,0.10753131708251408,1
20260907,0.1,77,0.10765912593528892,1
20260907,0.1,78,0.1078037139082462,1
20260907,0.1,79,0.10762899251171976,1
20260907,0.1,80,0.10745746344817911,1
20260907,0.1,81,0.10763195231657713,1
20260907,0.1,82,0.1075281057214202,1
20260907,0.1,83,0.1066634076397078,1
20260907,0.1,84,0.10714465317572808,1
20260907,0.1,85,0.10656947576018666,1
20260907,0.1,86,0.10761007571562858,1
20260907,0.1,87,0.10714365681281894,1
20260907,0.1,88,0.10603939629063983,1
20260907,0.1,89,0.10738360817172918,1
20260907,0.1,90,0.10731636103425643,1
20260907,0.1,91,0.1076466390767834,1
20260907,0.1,92,0.10716552905906196,1
20260907,0.1,93,0.1070854963154346,1
20260907,0.1,94,0.10667671922917082,1
20260907,0.1,95,0.10722776606671075,1
20260907,0.1,96,0.10698038831585152,1
20260907,0.1,97,0.10758438801942027,1
20260907,0.1,98,0.1071452040193594,1
20260907,0.1,99,0.10763723388858923,1
20260907,0.1,100,0.10772020129682089,1
20260907,0.2,1,0.10734416710820857,1
20260907,0.2,2,0.10749834561966706,1
20260907,0.2,3,0.104263191919217,1
20260907,0.2,4,0.10744635049766846,1
20260907,0.2,5,0.10498512585492276,1
20260907,0.2,6,0.1072583958162342,1
20260907,0.2,7,0.10560376890058583,1
20260907,0.2,8,0.10725110597578971,1
20260907,0.2,9,0.10365489421297083,1
20260907,0.2,10,0.10500338133071753,1
20260907,0.2,11,0.10476283728177513,1
20260907,0.2,12,0.10565213823038555,1
20260907,0.2,13,0.1064817542778507,1
20260907,0.2,14,0.10627281208765929,1
20260907,0.2,15,0.10622197430373959,1
20260907,0.2,16,0.10299158703610528,1
20260907,0.2,17,0.10699197997022733,1
20260907,0.2,18,0.10621995366418832,1
20260907,0.2,19,0.10411475401167022,1
20260907,0.2,20,0.10464606315838346,1
20260907,0.2,21,0.10720072508360395,1
20260907,0.2,22,0.10593836024651332,1
20260907,0.2,23,0.10627325554152449,1
20260907,0.2,24,0.10489429463923913,1
20260907,0.2,25,0.10087718841228652,1
20260907,0.2,26,0.10668569668890698,1
20260907,0.2,27,0.10762567530515325,1
20260907,0.2,28,0.10409320091071772,1
20260907,0.2,29,0.10267365448146931,1
20260907,0.2,30,0.10746611601237584,1
20260907,0.2,31,0.10672378960686299,1
20260907,0.2,32,0.10531285369724552,1
20260907,0.2,33,0.10625344049103999,1
20260907,0.2,34,0.10400402333506392,1
20260907,0.2,35,0.10690480766168403,1
20260907,0.2,36,0.10547529050724053,1
20260907,0.2,37,0.10403086219791483,1
20260907,0.2,38,0.10692711069477612,1
20260907,0.2,39,0.1053482289839569,1
20260907,0.2,40,0.10200594243288648,1
20260907,0.2,41,0.10386192989793469,1
20260907,0.2,42,0.10696272772700433,1
20260907,0.2,43,0.10453790501322671,1
20260907,0.2,44,0.1071753128029036,1
20260907,0.2,45,0.10275504680820693,1
20260907,0.2,46,0.1058168838695211,1
20260907,0.2,47,0.10659223685638142,1
20260907,0.2,48,0.1056862323036506,1
20260907,0.2,49,0.1067205355333557,1
20260907,0.2,50,0.10336411878145621,1
20260907,0.2,51,0.10573698818195046,1
20260907,0.2,52,0.1039422707908695,1
20260907,0.2,53,0.1018699008782977,1
20260907,0.2,54,0.10281344045365448,1
20260907,0.2,55,0.10746296977328774,1
20260907,0.2,56,0.1063465344474725,1
20260907,0.2,57,0.10621639777306337,1
20260907,0.2,58,0.10473362293498627,1
20260907,0.2,59,0.10650171394921767,1
20260907,0.2,60,0.10602418623643897,1
20260907,0.2,61,0.10757776683573723,1
20260907,0.2,62,0.10633326912840893,1
20260907,0.2,63,0.10527438764656633,1
20260907,0.2,64,0.10642367521570517,1
20260907,0.2,65,0.10702800500907392,1
20260907,0.2,66,0.10606821128569618,1
20260907,0.2,67,0.10510466743478068,1
20260907,0.2,68,0.10673745945575996,1
20260907,0.2,69,0.10629521312255033,1
20260907,0.2,70,0.10685924156171242,1
20260907,0.2,71,0.102024754544077,1
20260907,0.2,72,0.1043197591286833,1
20260907,0.2,73,0.10699370131089242,1
20260907,0.2,74,0.10765890905001468,1
20260907,0.2,75,0.10617635804350806,1
20260907,0.2,76,0.10611522308741436,1
20260907,0.2,77,0.10366505306790175,1
20260907,0.2,78,0.10509977804889337,1
20260907,0.2,79,0.10725245779002862,1
20260907,0.2,80,0.10514410168059729,1
20260907,0.2,81,0.10675539550814492,1
20260907,0.2,82,0.10642551701187315,1
20260907,0.2,83,0.10634469457898077,1
20260907,0.2,84,0.10324494167449161,1
20260907,0.2,85,0.1075852508015347,1
20260907,0.2,86,0.10486452841275995,1
20260907,0.2,87,0.10555234010871689,1
20260907,0.2,88,0.10419763906208368,1
20260907,0.2,89,0.10630200064454576,1
20260907,0.2,90,0.10498057984996942,1
20260907,0.2,91,0.10714609807426687,1
20260907,0.2,92,0.10590304908900589,1
20260907,0.2,93,0.10603050195221542,1
20260907,0.2,94,0.10529571449910871,1
20260907,0.2,95,0.1071922300726593,1
20260907,0.2,96,0.10611700374980826,1
20260907,0.2,97,0.10512625251856443,1
20260907,0.2,98,0.10748899647074203,1
20260907,0.2,99,0.10437808416610456,1
20260907,0.2,100,0.10483879840769743,1
